<?xml version="1.0" encoding="UTF-8"?>
<project-private xmlns="http://www.netbeans.org/ns/project-private/1">
    <editor-bookmarks xmlns="http://www.netbeans.org/ns/editor-bookmarks/2" lastBookmarkId="0"/>
    <open-files xmlns="http://www.netbeans.org/ns/projectui-open-files/2">
        <group>
            <file>file:/C:/Users/Faaiz/Documents/NetBeansProjects/Toys%20Inv/src/toystopinventorymanagementsystem/Store.java</file>
            <file>file:/C:/Users/Faaiz/Documents/NetBeansProjects/Toys%20Inv/src/toystopinventorymanagementsystem/Email.java</file>
            <file>file:/C:/Users/Faaiz/Documents/NetBeansProjects/Toys%20Inv/src/toystopinventorymanagementsystem/Util.java</file>
            <file>file:/C:/Users/Faaiz/Documents/NetBeansProjects/Toys%20Inv/src/toystopinventorymanagementsystem/Employee.java</file>
            <file>file:/C:/Users/Faaiz/Documents/NetBeansProjects/Toys%20Inv/src/toystopinventorymanagementsystem/ToyStopInventoryManagementSystem.java</file>
            <file>file:/C:/Users/Faaiz/Documents/NetBeansProjects/Toys%20Inv/src/toystopinventorymanagementsystem/ToyStopService.java</file>
            <file>file:/C:/Users/Faaiz/Documents/NetBeansProjects/Toys%20Inv/src/toystopinventorymanagementsystem/Serialize.java</file>
            <file>file:/C:/Users/Faaiz/Documents/NetBeansProjects/Toys%20Inv/src/toystopinventorymanagementsystem/Toy.java</file>
            <file>file:/C:/Users/Faaiz/Documents/NetBeansProjects/Toys%20Inv/src/toystopinventorymanagementsystem/Deserialize.java</file>
        </group>
    </open-files>
</project-private>
